world,facet,term,action,target
discount-shopping,topic,retail waste rescue,child_of,dumpster diving find
discount-shopping,topic,food waste rescue,child_of,dumpster diving find
discount-shopping,topic,discarded retail merchandise,child_of,dumpster diving find
discount-shopping,topic,discarded beauty product,child_of,dumpster diving find
discount-shopping,topic,discarded electronic,child_of,dumpster diving find
discount-shopping,topic,salvaging discarded good,child_of,dumpster diving find
discount-shopping,topic,scrap metal recycling,child_of,dumpster diving find
discount-shopping,topic,college move out,child_of,dumpster diving find
discount-shopping,topic,college move out dumpster diving,child_of,dumpster diving find
discount-shopping,topic,curbside rescue haul,child_of,dumpster diving find
discount-shopping,topic,commercial food waste,child_of,dumpster diving find
discount-shopping,topic,discarded holiday decor,child_of,dumpster diving find
discount-shopping,topic,discarded snack food,child_of,dumpster diving find
discount-shopping,topic,five below dumpster,child_of,dumpster diving find
discount-shopping,topic,nighttime dumpster diving,child_of,dumpster diving find
discount-shopping,topic,waste salvage,child_of,dumpster diving find
discount-shopping,topic,tj maxx dumpster diving,child_of,dumpster diving find
discount-shopping,topic,discarded pet supply,child_of,dumpster diving find
discount-shopping,topic,home decor salvage,child_of,dumpster diving find
discount-shopping,topic,dollar store dumpster,child_of,dumpster diving find
discount-shopping,topic,community pantry donation,child_of,dumpster diving find
discount-shopping,topic,bath and body work,child_of,dumpster diving find
discount-shopping,topic,bath and body works haul,child_of,dumpster diving find
discount-shopping,topic,bath and body works dumpster diving,child_of,dumpster diving find
discount-shopping,topic,bath and body works candle,child_of,dumpster diving find
discount-shopping,topic,discarded new clothing,child_of,dumpster diving find
discount-shopping,topic,gamestop dumpster diving,child_of,dumpster diving find
discount-shopping,topic,discarded candy salvage,child_of,dumpster diving find
discount-shopping,topic,trash salvage,child_of,dumpster diving find
discount-shopping,topic,scented candle haul,child_of,dumpster diving find
discount-shopping,topic,curbside food rescue,child_of,dumpster diving find
discount-shopping,topic,reselling discarded item,child_of,dumpster diving find
discount-shopping,topic,waste reduction,child_of,dumpster diving find
discount-shopping,topic,pet food rescue,child_of,dumpster diving find
discount-shopping,topic,commercial trash scavenging,child_of,dumpster diving find
discount-shopping,topic,curbside beauty find,child_of,dumpster diving find
discount-shopping,topic,discarded clothing rescue,child_of,dumpster diving find
discount-shopping,topic,discarded brand shoe,child_of,dumpster diving find
discount-shopping,topic,unboxing trash bag,child_of,dumpster diving find
discount-shopping,topic,salvaging abandoned item,child_of,dumpster diving find
discount-shopping,topic,halloween decor salvage,child_of,dumpster diving find
discount-shopping,topic,discarded designer perfume,child_of,dumpster diving find
discount-shopping,topic,discarded luxury good,child_of,dumpster diving find
discount-shopping,topic,apartment dumpster diving,child_of,curbside salvage
discount-shopping,topic,free cosmetics haul,child_of,dumpster diving makeup
discount-shopping,topic,curb alert find,merge,curbside free find
discount-shopping,topic,neighborhood giveaway,child_of,curbside free find
discount-shopping,topic,free household good,child_of,curbside free find
discount-shopping,topic,curb alert furniture,merge,curbside furniture rescue
discount-shopping,topic,discarded furniture,merge,curbside furniture rescue
discount-shopping,topic,wood refinishing,child_of,furniture flipping
discount-shopping,topic,dresser restoration,child_of,furniture flipping
discount-shopping,topic,dresser makeover,child_of,furniture flipping
discount-shopping,topic,diy furniture painting,child_of,furniture flipping
discount-shopping,topic,nightstand makeover,child_of,furniture flipping
discount-shopping,topic,diy woodworking,child_of,furniture flipping
discount-shopping,topic,paint stripping,child_of,furniture flipping
discount-shopping,topic,coffee table refinishing,child_of,furniture flipping
discount-shopping,topic,vintage chair restoration,child_of,furniture flipping
discount-shopping,topic,reselling furniture profit,child_of,furniture flipping
discount-shopping,topic,furniture staging photography,child_of,furniture flipping
discount-shopping,topic,paint sprayer technique,child_of,furniture flipping
discount-shopping,topic,cabinet restoration,child_of,furniture flipping
discount-shopping,topic,faux wood graining,child_of,furniture flipping
discount-shopping,topic,diy upholstery makeover,child_of,furniture flipping
discount-shopping,topic,wooden hutch makeover,child_of,furniture flipping
discount-shopping,topic,nightstand restoration,child_of,furniture flipping
discount-shopping,topic,wood repair,child_of,furniture flipping
discount-shopping,topic,diy furniture sanding,child_of,furniture flipping
discount-shopping,topic,french provincial dresser,child_of,furniture flipping
discount-shopping,topic,diy furniture makeover,merge,furniture flipping
discount-shopping,topic,thrifted furniture makeover,merge,furniture flipping
discount-shopping,topic,furniture upcycling,merge,furniture flipping
discount-shopping,topic,diy upcycling,merge,furniture flipping
discount-shopping,topic,upcycled home decor,merge,furniture flipping
discount-shopping,topic,furniture resale,merge,furniture flipping
discount-shopping,topic,nightstand upcycling,merge,furniture flipping
discount-shopping,topic,wood furniture flip,merge,furniture flipping
discount-shopping,topic,wood staining process,child_of,furniture refinishing
discount-shopping,topic,dresser flip,child_of,furniture refinishing
discount-shopping,topic,wood sanding,child_of,furniture refinishing
discount-shopping,topic,antique furniture restoration,merge,furniture refinishing
discount-shopping,topic,wood table refinishing,merge,furniture refinishing
discount-shopping,topic,mid century dresser restoration,merge,furniture refinishing
discount-shopping,topic,wood stripping technique,drop,
discount-shopping,topic,thrift store makeover,merge,thrift store flipping
discount-shopping,topic,goodwill thrift flip,merge,thrift store flipping
discount-shopping,topic,reselling home decor,child_of,thrift store flipping
discount-shopping,topic,clothing rack browsing,child_of,thrift store shopping
discount-shopping,topic,secondhand clothing rack,child_of,thrift store shopping
discount-shopping,topic,designer shoe find,child_of,thrift store shopping
discount-shopping,topic,vintage shoe find,child_of,thrift store shopping
discount-shopping,topic,secondhand bag find,child_of,thrift store shopping
discount-shopping,topic,home decor find,child_of,thrift store shopping
discount-shopping,topic,secondhand shopping,merge,thrift store shopping
discount-shopping,topic,goodwill thrift shopping,merge,thrift store shopping
discount-shopping,topic,savers thrift shopping,merge,thrift store shopping
discount-shopping,topic,thrift shopping habit,merge,thrift store shopping
discount-shopping,topic,goodwill thrift haul,merge,thrift store haul
discount-shopping,topic,reseller thrift haul,merge,thrift store haul
discount-shopping,topic,secondhand haul,merge,thrift store haul
discount-shopping,topic,plush toy collecting,child_of,thrift store haul
discount-shopping,topic,silver polish cleaning,child_of,thrift store find
discount-shopping,topic,goodwill pricing,merge,thrift store pricing
discount-shopping,topic,kitchen appliance,child_of,thrift store pricing
discount-shopping,topic,thrift outlet shopping,merge,goodwill bins haul
discount-shopping,topic,goodwill outlet sourcing,merge,goodwill bins haul
discount-shopping,topic,clothing bin dig,child_of,goodwill bins haul
discount-shopping,topic,by pound thrifting,child_of,goodwill bins haul
discount-shopping,topic,secondhand electronic,merge,thrift store electronic
discount-shopping,topic,clothing try on,merge,thrift store try on
discount-shopping,topic,vintage clothing try on,merge,thrift store try on
discount-shopping,topic,secondhand fashion try on,merge,thrift store try on
discount-shopping,topic,goodwill toy shopping,merge,thrift store toy hunting
discount-shopping,topic,plush toy thrifting,merge,thrift store toy hunting
discount-shopping,topic,goodwill home decor,merge,thrifted home decor
discount-shopping,topic,interior styling,child_of,thrifted home decor
discount-shopping,topic,antique home decor,merge,vintage home decor
discount-shopping,topic,vintage decor item,merge,vintage home decor
discount-shopping,topic,antique store haul,child_of,vintage home decor
discount-shopping,topic,thrift store glassware,merge,vintage glassware collection
discount-shopping,topic,secondhand glassware,merge,vintage glassware collection
discount-shopping,topic,vintage glassware haul,merge,vintage glassware collection
discount-shopping,topic,vintage glassware unboxing,merge,vintage glassware collection
discount-shopping,topic,uranium glass collection,child_of,vintage glassware collection
discount-shopping,topic,carnival glass,child_of,vintage glassware collection
discount-shopping,topic,thrifted kitchenware,merge,vintage kitchenware hunting
discount-shopping,topic,vintage cookware,merge,vintage kitchenware hunting
discount-shopping,topic,vintage dishware,merge,vintage kitchenware hunting
discount-shopping,topic,vintage clothing hunting,merge,vintage clothing find
discount-shopping,topic,vintage clothing haul,merge,vintage clothing find
discount-shopping,topic,vintage clothing showcase,merge,vintage clothing find
discount-shopping,topic,secondhand clothing haul,merge,secondhand clothing find
discount-shopping,topic,thrifted fashion find,merge,secondhand clothing find
discount-shopping,topic,secondhand clothing showcase,merge,secondhand clothing find
discount-shopping,topic,vintage y2k clothing,merge,y2k fashion find
discount-shopping,topic,vintage t shirt find,merge,vintage graphic tee
discount-shopping,topic,thrift store graphic tee,merge,vintage graphic tee
discount-shopping,topic,graphic tee collection,merge,vintage graphic tee
discount-shopping,topic,y2k graphic tee,merge,vintage graphic tee
discount-shopping,topic,graphic t shirt,merge,vintage graphic tee
discount-shopping,topic,vintage t shirt collection,merge,vintage graphic tee
discount-shopping,topic,vintage t shirt thrifting,merge,vintage graphic tee
discount-shopping,topic,vintage t shirt resale,merge,vintage graphic tee
discount-shopping,topic,vintage promo t shirt,merge,vintage graphic tee
discount-shopping,topic,vintage denim jacket,merge,vintage denim find
discount-shopping,topic,vintage denim jean,merge,vintage denim find
discount-shopping,topic,thrift store denim,merge,vintage denim find
discount-shopping,topic,streetwear thrift find,merge,vintage streetwear find
discount-shopping,topic,streetwear thrift haul,merge,vintage streetwear find
discount-shopping,topic,vintage kids clothing,merge,secondhand kids clothing
discount-shopping,topic,kids clothing haul,merge,secondhand kids clothing
discount-shopping,topic,thrift store baby clothe,merge,secondhand kids clothing
discount-shopping,topic,vintage clothing sourcing,merge,clothing resale sourcing
discount-shopping,topic,reselling vintage clothing,merge,vintage clothing reselling
discount-shopping,topic,budget fashion haul,merge,budget fashion find
discount-shopping,topic,vintage furniture thrifting,merge,vintage furniture find
discount-shopping,topic,thrifted table lamp,merge,vintage lamp find
discount-shopping,topic,extrabucks rewards breakdown,child_of,cvs couponing deal
discount-shopping,topic,rolling extrabucks reward,child_of,cvs couponing deal
discount-shopping,topic,drugstore shopping haul,child_of,cvs couponing deal
discount-shopping,topic,drugstore saving,child_of,cvs couponing deal
discount-shopping,topic,drugstore beauty saving,child_of,cvs couponing deal
discount-shopping,topic,drugstore deal breakdown,child_of,cvs couponing deal
discount-shopping,topic,drugstore clearance find,child_of,cvs couponing deal
discount-shopping,topic,drugstore budget shopping,child_of,cvs couponing deal
discount-shopping,topic,epic beauty sale,child_of,cvs couponing deal
discount-shopping,topic,cvs extrabucks deal,merge,cvs couponing deal
discount-shopping,topic,cvs weekly deal,merge,cvs couponing deal
discount-shopping,topic,register rewards saving,child_of,walgreens coupon deal
discount-shopping,topic,curbside pickup saving,child_of,walgreens coupon deal
discount-shopping,topic,deodorant discount breakdown,child_of,walgreens coupon deal
discount-shopping,topic,deodorant clearance sale,child_of,walgreens coupon deal
discount-shopping,topic,free photo print,child_of,walgreens coupon deal
discount-shopping,topic,procter and gamble discount,child_of,walgreens coupon deal
discount-shopping,topic,walgreens weekly deal,merge,walgreens coupon deal
discount-shopping,topic,walgreens couponing haul,merge,walgreens coupon deal
discount-shopping,topic,walgreens cash reward,merge,walgreens coupon deal
discount-shopping,topic,household essentials saving,child_of,dollar general couponing
discount-shopping,topic,household essentials haul,child_of,dollar general couponing
discount-shopping,topic,saturday coupon scenario,child_of,dollar general couponing
discount-shopping,topic,saturday store deal,child_of,dollar general couponing
discount-shopping,topic,saturday digital coupon,child_of,dollar general couponing
discount-shopping,topic,saturday five off twenty five,child_of,dollar general couponing
discount-shopping,topic,cleaning supplies discount,child_of,dollar general couponing
discount-shopping,topic,soda sales deal,child_of,dollar general couponing
discount-shopping,topic,household clearance deal,child_of,dollar general couponing
discount-shopping,topic,digital coupon glitch,child_of,dollar general couponing
discount-shopping,topic,gatorade discount deal,child_of,dollar general couponing
discount-shopping,topic,cheap snack deal,child_of,dollar general couponing
discount-shopping,topic,paper product deal,child_of,dollar general couponing
discount-shopping,topic,paper product haul,child_of,dollar general couponing
discount-shopping,topic,household paper saving,child_of,dollar general couponing
discount-shopping,topic,scott paper products deal,child_of,dollar general couponing
discount-shopping,topic,axe deodorant deal,child_of,dollar general couponing
discount-shopping,topic,digital store coupon,child_of,dollar general couponing
discount-shopping,topic,fabric softener deal,child_of,dollar general couponing
discount-shopping,topic,clearance item hunting,child_of,dollar general penny shopping
discount-shopping,topic,penny shopping list,child_of,dollar general penny shopping
discount-shopping,topic,penny item scanning,child_of,dollar general penny shopping
discount-shopping,topic,extreme discount shopping,child_of,dollar general penny shopping
discount-shopping,topic,discount candy haul,child_of,dollar general penny shopping
discount-shopping,topic,clearance rack shopping,child_of,dollar general penny shopping
discount-shopping,topic,clearance hair care,child_of,dollar general penny shopping
discount-shopping,topic,clearance couponing deal,child_of,dollar general penny shopping
discount-shopping,topic,clearance item list,child_of,dollar general penny shopping
discount-shopping,topic,penny item clearance,merge,penny shopping find
discount-shopping,topic,dollar tree clearance,child_of,penny shopping find
discount-shopping,topic,coupon stacking deal,merge,digital coupon stacking
discount-shopping,topic,grocery coupon stacking,merge,digital coupon stacking
discount-shopping,topic,kroger coupon stacking,child_of,digital coupon stacking
discount-shopping,topic,ibotta cashback rebate,merge,cashback rebate app
discount-shopping,topic,fetch rewards cashback,merge,cashback rebate app
discount-shopping,topic,rebate app stacking,merge,cashback rebate app
discount-shopping,topic,grocery rebate app,merge,cashback rebate app
discount-shopping,topic,walmart couponing deal,child_of,cashback rebate app
discount-shopping,topic,walmart grocery saving,child_of,cashback rebate app
discount-shopping,topic,grocery checkout transaction,child_of,extreme couponing haul
discount-shopping,topic,grocery stockpile shopping,child_of,extreme couponing haul
discount-shopping,topic,coupon overage saving,child_of,extreme couponing haul
discount-shopping,topic,couponing haul,merge,extreme couponing haul
discount-shopping,topic,household stockpile,merge,couponing stockpile
discount-shopping,topic,coupon haul breakdown,merge,coupon deal breakdown
discount-shopping,topic,grocery savings breakdown,merge,grocery savings haul
discount-shopping,topic,grocery store shopping,merge,grocery store saving
discount-shopping,topic,grocery store sale,merge,grocery store saving
discount-shopping,topic,aldi grocery haul,child_of,budget grocery shopping
discount-shopping,topic,bogo grocery deal,child_of,publix couponing deal
discount-shopping,topic,grocery pickup deal,child_of,kroger digital coupon
discount-shopping,topic,target circle deal,merge,target coupon deal
discount-shopping,topic,gain laundry detergent,merge,laundry detergent deal
discount-shopping,topic,dove body wash deal,merge,body wash deal
discount-shopping,topic,personal care haul,merge,personal care saving
discount-shopping,topic,personal care deal,merge,personal care saving
discount-shopping,topic,personal care couponing,merge,personal care saving
discount-shopping,topic,app barcode scanning,merge,clearance barcode scanning
discount-shopping,topic,beginner couponing tip,merge,couponing tip
discount-shopping,topic,walmart app barcode scanner,child_of,walmart clearance deal
discount-shopping,topic,walmart clearance haul,merge,walmart clearance deal
discount-shopping,topic,dollar tree haul,merge,dollar tree find
discount-shopping,topic,dollar tree deal,merge,dollar tree find
discount-shopping,topic,squishy toy shopping,child_of,dollar tree toy find
discount-shopping,topic,squishy toy testing,merge,squishy toy unboxing
discount-shopping,topic,storage locker haul,child_of,storage unit auction
discount-shopping,topic,abandoned storage unit,child_of,storage unit auction
discount-shopping,topic,reselling storage find,child_of,storage unit auction
discount-shopping,topic,antique appraisal,child_of,storage unit auction
discount-shopping,topic,reselling abandoned good,child_of,storage unit auction
discount-shopping,topic,sneaker unboxing,child_of,storage unit auction
discount-shopping,topic,resale item hunt,child_of,storage unit auction
discount-shopping,topic,designer clothing haul,child_of,storage unit auction
discount-shopping,topic,storage unit resale,merge,storage unit auction
discount-shopping,topic,storage unit flip,merge,storage unit auction
discount-shopping,topic,storage unit locker,merge,storage unit auction
discount-shopping,topic,storage auction find,merge,storage unit find
discount-shopping,topic,amazon mystery box,child_of,liquidation pallet unboxing
discount-shopping,topic,amazon liquidation pallet,merge,liquidation pallet unboxing
discount-shopping,topic,amazon return pallet,merge,liquidation pallet unboxing
discount-shopping,topic,liquidation mystery pallet,merge,liquidation pallet unboxing
discount-shopping,topic,pallet wholesale inventory,merge,liquidation pallet unboxing
discount-shopping,topic,reselling return pallet,merge,liquidation pallet unboxing
discount-shopping,topic,reselling liquidation find,merge,liquidation pallet unboxing
discount-shopping,topic,liquidation haul,merge,liquidation pallet unboxing
discount-shopping,topic,liquidation mystery box,merge,mystery box unboxing
discount-shopping,topic,amazon returns unboxing,merge,mystery box unboxing
discount-shopping,topic,mystery package opening,child_of,unclaimed mail unboxing
discount-shopping,topic,unclaimed mail pallet,merge,unclaimed mail unboxing
discount-shopping,topic,reselling inventory haul,merge,reselling inventory
discount-shopping,topic,reselling inventory sourcing,merge,reselling inventory
discount-shopping,topic,resale business profit,merge,reselling profit
discount-shopping,topic,online reselling profit,merge,reselling profit
discount-shopping,topic,thrift haul profit,merge,reselling profit
discount-shopping,topic,resale profit breakdown,merge,reselling profit
discount-shopping,topic,vintage reselling profit,child_of,antique booth sale
discount-shopping,topic,small business order,merge,reselling order fulfillment
discount-shopping,topic,clothing order packaging,merge,reselling order fulfillment
discount-shopping,topic,clothing resale packaging,merge,reselling order fulfillment
discount-shopping,topic,ebay order packing,merge,reselling order fulfillment
discount-shopping,topic,depop order packing,merge,reselling order fulfillment
discount-shopping,topic,shipping package,merge,reselling order fulfillment
discount-shopping,topic,package drop off,merge,reselling order fulfillment
discount-shopping,topic,reseller shipping routine,merge,reselling order fulfillment
discount-shopping,topic,ebay sales recap,merge,reselling sales recap
discount-shopping,topic,part time reselling,merge,reselling side hustle
discount-shopping,topic,vintage reselling tip,merge,reselling tip
discount-shopping,topic,ebay reselling tip,merge,reselling tip
discount-shopping,topic,thrift store bolo,merge,reselling bolo item
discount-shopping,topic,resale item appraisal,merge,vintage item appraisal
discount-shopping,topic,vintage collectible hunting,merge,vintage collectible
discount-shopping,topic,ebay reselling sale,merge,ebay reselling
discount-shopping,topic,online clothing sale,merge,online clothing reselling
discount-shopping,topic,facebook marketplace pickup,merge,facebook marketplace find
discount-shopping,topic,yard sale shopping,merge,garage sale hunting
discount-shopping,topic,garage sale sourcing,merge,garage sale hunting
discount-shopping,topic,yard sale sourcing,merge,garage sale hunting
discount-shopping,topic,yard sale find,merge,garage sale find
discount-shopping,topic,garage sale haul,merge,garage sale find
discount-shopping,topic,yard sale haul,merge,garage sale find
discount-shopping,topic,rummage sale find,merge,garage sale find
discount-shopping,topic,garage sale negotiation,merge,yard sale negotiation
discount-shopping,topic,price negotiation,merge,yard sale negotiation
discount-shopping,topic,thrift negotiation,merge,yard sale negotiation
discount-shopping,topic,flea market haggling,merge,yard sale negotiation
discount-shopping,topic,estate sale negotiation,merge,yard sale negotiation
discount-shopping,topic,estate sale haul,merge,estate sale find
discount-shopping,topic,vintage item hunting,child_of,estate sale shopping
discount-shopping,topic,halloween home decor,merge,halloween decor shopping
discount-shopping,topic,halloween decor haul,merge,halloween decor shopping
discount-shopping,topic,halloween decor find,merge,halloween decor shopping
discount-shopping,topic,fall decor shopping,merge,fall home decor
discount-shopping,topic,retro game collecting,merge,retro video game
discount-shopping,topic,video game collecting,merge,retro video game
discount-shopping,topic,vintage gaming haul,merge,retro video game
discount-shopping,topic,video game haul,merge,retro video game
discount-shopping,topic,retro video game hunting,merge,video game hunting
discount-shopping,topic,yard sale video game,merge,garage sale video game
discount-shopping,topic,pokemon card opening,merge,trading card opening
discount-shopping,topic,toy reselling,merge,vintage toy resale
discount-shopping,topic,action figure collecting,child_of,vintage toy hunting
discount-shopping,topic,costume jewelry collection,merge,vintage costume jewelry
discount-shopping,topic,thrift store board game,merge,vintage board game
discount-shopping,topic,star wars collectible,merge,vintage star wars collectible
discount-shopping,topic,vintage camera test,merge,vintage camera shopping
discount-shopping,topic,birthday reward freeby,child_of,retail loyalty perk
discount-shopping,topic,saving money,child_of,frugal living habit
discount-shopping,topic,money saving hack,child_of,frugal living habit
discount-shopping,topic,household essentials deal,drop,
discount-shopping,topic,budget household shopping,drop,
discount-shopping,topic,discarded household item,drop,
discount-shopping,topic,free discarded item,drop,
discount-shopping,topic,store clearance item,drop,
discount-shopping,topic,weekly coupon deal,drop,
discount-shopping,topic,gift card promotion,drop,
discount-shopping,topic,household budgeting,drop,
discount-shopping,topic,discarded toy discovery,drop,
